{
  "dataset_revision": "d213819e87aab9010628da8b73ab4eb337c89340",
  "task_name": "CodeFeedbackST",
  "mteb_version": "1.24.0",
  "scores": {
    "test": [
      {
        "ndcg_at_1": 0.59621,
        "ndcg_at_3": 0.71255,
        "ndcg_at_5": 0.7371,
        "ndcg_at_10": 0.75276,
        "ndcg_at_20": 0.76115,
        "ndcg_at_100": 0.76919,
        "ndcg_at_1000": 0.77172,
        "map_at_1": 0.59621,
        "map_at_3": 0.68449,
        "map_at_5": 0.69817,
        "map_at_10": 0.70474,
        "map_at_20": 0.70707,
        "map_at_100": 0.70823,
        "map_at_1000": 0.70833,
        "recall_at_1": 0.59621,
        "recall_at_3": 0.79352,
        "recall_at_5": 0.8529,
        "recall_at_10": 0.90079,
        "recall_at_20": 0.93372,
        "recall_at_100": 0.97649,
        "recall_at_1000": 0.99604,
        "precision_at_1": 0.59621,
        "precision_at_3": 0.26451,
        "precision_at_5": 0.17058,
        "precision_at_10": 0.09008,
        "precision_at_20": 0.04669,
        "precision_at_100": 0.00976,
        "precision_at_1000": 0.001,
        "mrr_at_1": 0.595796,
        "mrr_at_3": 0.684219,
        "mrr_at_5": 0.698065,
        "mrr_at_10": 0.704563,
        "mrr_at_20": 0.7069,
        "mrr_at_100": 0.708054,
        "mrr_at_1000": 0.708155,
        "nauc_ndcg_at_1_max": 0.010058,
        "nauc_ndcg_at_1_std": -0.28634,
        "nauc_ndcg_at_1_diff1": 0.742731,
        "nauc_ndcg_at_3_max": 0.059328,
        "nauc_ndcg_at_3_std": -0.334034,
        "nauc_ndcg_at_3_diff1": 0.690612,
        "nauc_ndcg_at_5_max": 0.063485,
        "nauc_ndcg_at_5_std": -0.334167,
        "nauc_ndcg_at_5_diff1": 0.689449,
        "nauc_ndcg_at_10_max": 0.060459,
        "nauc_ndcg_at_10_std": -0.326233,
        "nauc_ndcg_at_10_diff1": 0.690512,
        "nauc_ndcg_at_20_max": 0.058008,
        "nauc_ndcg_at_20_std": -0.320714,
        "nauc_ndcg_at_20_diff1": 0.695449,
        "nauc_ndcg_at_100_max": 0.055014,
        "nauc_ndcg_at_100_std": -0.315492,
        "nauc_ndcg_at_100_diff1": 0.699543,
        "nauc_ndcg_at_1000_max": 0.052358,
        "nauc_ndcg_at_1000_std": -0.316389,
        "nauc_ndcg_at_1000_diff1": 0.700955,
        "nauc_map_at_1_max": 0.010058,
        "nauc_map_at_1_std": -0.28634,
        "nauc_map_at_1_diff1": 0.742731,
        "nauc_map_at_3_max": 0.045532,
        "nauc_map_at_3_std": -0.320989,
        "nauc_map_at_3_diff1": 0.704788,
        "nauc_map_at_5_max": 0.047025,
        "nauc_map_at_5_std": -0.320494,
        "nauc_map_at_5_diff1": 0.704832,
        "nauc_map_at_10_max": 0.045632,
        "nauc_map_at_10_std": -0.317509,
        "nauc_map_at_10_diff1": 0.70556,
        "nauc_map_at_20_max": 0.044907,
        "nauc_map_at_20_std": -0.316179,
        "nauc_map_at_20_diff1": 0.706865,
        "nauc_map_at_100_max": 0.044536,
        "nauc_map_at_100_std": -0.315575,
        "nauc_map_at_100_diff1": 0.707379,
        "nauc_map_at_1000_max": 0.044467,
        "nauc_map_at_1000_std": -0.31557,
        "nauc_map_at_1000_diff1": 0.707424,
        "nauc_recall_at_1_max": 0.010058,
        "nauc_recall_at_1_std": -0.28634,
        "nauc_recall_at_1_diff1": 0.742731,
        "nauc_recall_at_3_max": 0.113291,
        "nauc_recall_at_3_std": -0.384878,
        "nauc_recall_at_3_diff1": 0.635405,
        "nauc_recall_at_5_max": 0.148025,
        "nauc_recall_at_5_std": -0.403304,
        "nauc_recall_at_5_diff1": 0.611423,
        "nauc_recall_at_10_max": 0.163095,
        "nauc_recall_at_10_std": -0.379007,
        "nauc_recall_at_10_diff1": 0.585604,
        "nauc_recall_at_20_max": 0.185464,
        "nauc_recall_at_20_std": -0.338926,
        "nauc_recall_at_20_diff1": 0.591571,
        "nauc_recall_at_100_max": 0.282315,
        "nauc_recall_at_100_std": -0.140739,
        "nauc_recall_at_100_diff1": 0.581862,
        "nauc_recall_at_1000_max": 0.353579,
        "nauc_recall_at_1000_std": 0.27673,
        "nauc_recall_at_1000_diff1": 0.536523,
        "nauc_precision_at_1_max": 0.010058,
        "nauc_precision_at_1_std": -0.28634,
        "nauc_precision_at_1_diff1": 0.742731,
        "nauc_precision_at_3_max": 0.113291,
        "nauc_precision_at_3_std": -0.384878,
        "nauc_precision_at_3_diff1": 0.635405,
        "nauc_precision_at_5_max": 0.148025,
        "nauc_precision_at_5_std": -0.403304,
        "nauc_precision_at_5_diff1": 0.611423,
        "nauc_precision_at_10_max": 0.163095,
        "nauc_precision_at_10_std": -0.379007,
        "nauc_precision_at_10_diff1": 0.585604,
        "nauc_precision_at_20_max": 0.185464,
        "nauc_precision_at_20_std": -0.338926,
        "nauc_precision_at_20_diff1": 0.591571,
        "nauc_precision_at_100_max": 0.282315,
        "nauc_precision_at_100_std": -0.140739,
        "nauc_precision_at_100_diff1": 0.581862,
        "nauc_precision_at_1000_max": 0.353579,
        "nauc_precision_at_1000_std": 0.27673,
        "nauc_precision_at_1000_diff1": 0.536523,
        "nauc_mrr_at_1_max": 0.004596,
        "nauc_mrr_at_1_std": -0.284399,
        "nauc_mrr_at_1_diff1": 0.743285,
        "nauc_mrr_at_3_max": 0.042199,
        "nauc_mrr_at_3_std": -0.319909,
        "nauc_mrr_at_3_diff1": 0.705363,
        "nauc_mrr_at_5_max": 0.043676,
        "nauc_mrr_at_5_std": -0.319476,
        "nauc_mrr_at_5_diff1": 0.705144,
        "nauc_mrr_at_10_max": 0.042149,
        "nauc_mrr_at_10_std": -0.31647,
        "nauc_mrr_at_10_diff1": 0.70598,
        "nauc_mrr_at_20_max": 0.041426,
        "nauc_mrr_at_20_std": -0.315138,
        "nauc_mrr_at_20_diff1": 0.70729,
        "nauc_mrr_at_100_max": 0.04104,
        "nauc_mrr_at_100_std": -0.314518,
        "nauc_mrr_at_100_diff1": 0.707809,
        "nauc_mrr_at_1000_max": 0.04097,
        "nauc_mrr_at_1000_std": -0.314513,
        "nauc_mrr_at_1000_diff1": 0.707853,
        "main_score": 0.75276,
        "hf_subset": "default",
        "languages": [
          "eng-Latn"
        ]
      }
    ]
  },
  "evaluation_time": 1112.5257127285004,
  "kg_co2_emissions": null
}