{
  "dataset_revision": "bc5efb7e9d437246ce393ed19d772e08e4a79535",
  "task_name": "CosQA",
  "mteb_version": "1.24.0",
  "scores": {
    "test": [
      {
        "ndcg_at_1": 0.16,
        "ndcg_at_3": 0.25474,
        "ndcg_at_5": 0.31291,
        "ndcg_at_10": 0.36619,
        "ndcg_at_20": 0.39514,
        "ndcg_at_100": 0.43002,
        "ndcg_at_1000": 0.43846,
        "map_at_1": 0.16,
        "map_at_3": 0.22967,
        "map_at_5": 0.26177,
        "map_at_10": 0.28428,
        "map_at_20": 0.29229,
        "map_at_100": 0.29725,
        "map_at_1000": 0.29761,
        "recall_at_1": 0.16,
        "recall_at_3": 0.328,
        "recall_at_5": 0.47,
        "recall_at_10": 0.632,
        "recall_at_20": 0.746,
        "recall_at_100": 0.932,
        "recall_at_1000": 0.996,
        "precision_at_1": 0.16,
        "precision_at_3": 0.10933,
        "precision_at_5": 0.094,
        "precision_at_10": 0.0632,
        "precision_at_20": 0.0373,
        "precision_at_100": 0.00932,
        "precision_at_1000": 0.001,
        "mrr_at_1": 0.164,
        "mrr_at_3": 0.241333,
        "mrr_at_5": 0.260433,
        "mrr_at_10": 0.283194,
        "mrr_at_20": 0.292356,
        "mrr_at_100": 0.297487,
        "mrr_at_1000": 0.297866,
        "nauc_ndcg_at_1_max": 0.03254,
        "nauc_ndcg_at_1_std": -0.147227,
        "nauc_ndcg_at_1_diff1": 0.376337,
        "nauc_ndcg_at_3_max": 0.076156,
        "nauc_ndcg_at_3_std": -0.132428,
        "nauc_ndcg_at_3_diff1": 0.229354,
        "nauc_ndcg_at_5_max": 0.111866,
        "nauc_ndcg_at_5_std": -0.103925,
        "nauc_ndcg_at_5_diff1": 0.177796,
        "nauc_ndcg_at_10_max": 0.094009,
        "nauc_ndcg_at_10_std": -0.10864,
        "nauc_ndcg_at_10_diff1": 0.181759,
        "nauc_ndcg_at_20_max": 0.099435,
        "nauc_ndcg_at_20_std": -0.105532,
        "nauc_ndcg_at_20_diff1": 0.180746,
        "nauc_ndcg_at_100_max": 0.096817,
        "nauc_ndcg_at_100_std": -0.090056,
        "nauc_ndcg_at_100_diff1": 0.205883,
        "nauc_ndcg_at_1000_max": 0.091859,
        "nauc_ndcg_at_1000_std": -0.102839,
        "nauc_ndcg_at_1000_diff1": 0.213418,
        "nauc_map_at_1_max": 0.03254,
        "nauc_map_at_1_std": -0.147227,
        "nauc_map_at_1_diff1": 0.376337,
        "nauc_map_at_3_max": 0.066418,
        "nauc_map_at_3_std": -0.134988,
        "nauc_map_at_3_diff1": 0.26175,
        "nauc_map_at_5_max": 0.086381,
        "nauc_map_at_5_std": -0.118414,
        "nauc_map_at_5_diff1": 0.231285,
        "nauc_map_at_10_max": 0.078475,
        "nauc_map_at_10_std": -0.12022,
        "nauc_map_at_10_diff1": 0.233678,
        "nauc_map_at_20_max": 0.080317,
        "nauc_map_at_20_std": -0.118687,
        "nauc_map_at_20_diff1": 0.234456,
        "nauc_map_at_100_max": 0.079571,
        "nauc_map_at_100_std": -0.116699,
        "nauc_map_at_100_diff1": 0.237984,
        "nauc_map_at_1000_max": 0.07943,
        "nauc_map_at_1000_std": -0.117087,
        "nauc_map_at_1000_diff1": 0.238186,
        "nauc_recall_at_1_max": 0.03254,
        "nauc_recall_at_1_std": -0.147227,
        "nauc_recall_at_1_diff1": 0.376337,
        "nauc_recall_at_3_max": 0.099777,
        "nauc_recall_at_3_std": -0.126451,
        "nauc_recall_at_3_diff1": 0.150906,
        "nauc_recall_at_5_max": 0.178264,
        "nauc_recall_at_5_std": -0.065932,
        "nauc_recall_at_5_diff1": 0.043373,
        "nauc_recall_at_10_max": 0.135901,
        "nauc_recall_at_10_std": -0.075635,
        "nauc_recall_at_10_diff1": 0.032629,
        "nauc_recall_at_20_max": 0.168637,
        "nauc_recall_at_20_std": -0.058764,
        "nauc_recall_at_20_diff1": -0.020106,
        "nauc_recall_at_100_max": 0.284163,
        "nauc_recall_at_100_std": 0.325479,
        "nauc_recall_at_100_diff1": 0.016203,
        "nauc_recall_at_1000_max": 0.861111,
        "nauc_recall_at_1000_std": 0.934641,
        "nauc_recall_at_1000_diff1": 0.638189,
        "nauc_precision_at_1_max": 0.03254,
        "nauc_precision_at_1_std": -0.147227,
        "nauc_precision_at_1_diff1": 0.376337,
        "nauc_precision_at_3_max": 0.099777,
        "nauc_precision_at_3_std": -0.126451,
        "nauc_precision_at_3_diff1": 0.150906,
        "nauc_precision_at_5_max": 0.178264,
        "nauc_precision_at_5_std": -0.065932,
        "nauc_precision_at_5_diff1": 0.043373,
        "nauc_precision_at_10_max": 0.135901,
        "nauc_precision_at_10_std": -0.075635,
        "nauc_precision_at_10_diff1": 0.032629,
        "nauc_precision_at_20_max": 0.168637,
        "nauc_precision_at_20_std": -0.058764,
        "nauc_precision_at_20_diff1": -0.020106,
        "nauc_precision_at_100_max": 0.284163,
        "nauc_precision_at_100_std": 0.325479,
        "nauc_precision_at_100_diff1": 0.016203,
        "nauc_precision_at_1000_max": 0.861111,
        "nauc_precision_at_1000_std": 0.934641,
        "nauc_precision_at_1000_diff1": 0.638189,
        "nauc_mrr_at_1_max": 0.077073,
        "nauc_mrr_at_1_std": -0.157727,
        "nauc_mrr_at_1_diff1": 0.362605,
        "nauc_mrr_at_3_max": 0.070968,
        "nauc_mrr_at_3_std": -0.139735,
        "nauc_mrr_at_3_diff1": 0.251765,
        "nauc_mrr_at_5_max": 0.072429,
        "nauc_mrr_at_5_std": -0.142231,
        "nauc_mrr_at_5_diff1": 0.232141,
        "nauc_mrr_at_10_max": 0.081606,
        "nauc_mrr_at_10_std": -0.134187,
        "nauc_mrr_at_10_diff1": 0.229983,
        "nauc_mrr_at_20_max": 0.0839,
        "nauc_mrr_at_20_std": -0.1328,
        "nauc_mrr_at_20_diff1": 0.2283,
        "nauc_mrr_at_100_max": 0.083666,
        "nauc_mrr_at_100_std": -0.131126,
        "nauc_mrr_at_100_diff1": 0.231988,
        "nauc_mrr_at_1000_max": 0.083461,
        "nauc_mrr_at_1000_std": -0.131598,
        "nauc_mrr_at_1000_diff1": 0.232175,
        "main_score": 0.36619,
        "hf_subset": "default",
        "languages": [
          "eng-Latn",
          "python-Code"
        ]
      }
    ]
  },
  "evaluation_time": 33.00932765007019,
  "kg_co2_emissions": null
}