{
  "dataset_revision": "281562cb8a1265ab5c0824bfa6ddcd9b0a15618f",
  "task_name": "CodeTransOceanDL",
  "mteb_version": "1.24.0",
  "scores": {
    "test": [
      {
        "ndcg_at_1": 0.08889,
        "ndcg_at_3": 0.1209,
        "ndcg_at_5": 0.18355,
        "ndcg_at_10": 0.32138,
        "ndcg_at_20": 0.38437,
        "ndcg_at_100": 0.39031,
        "ndcg_at_1000": 0.39031,
        "map_at_1": 0.08889,
        "map_at_3": 0.11111,
        "map_at_5": 0.14639,
        "map_at_10": 0.20193,
        "map_at_20": 0.22137,
        "map_at_100": 0.2221,
        "map_at_1000": 0.2221,
        "recall_at_1": 0.08889,
        "recall_at_3": 0.15,
        "recall_at_5": 0.3,
        "recall_at_10": 0.73333,
        "recall_at_20": 0.96667,
        "recall_at_100": 1.0,
        "recall_at_1000": 1.0,
        "precision_at_1": 0.08889,
        "precision_at_3": 0.05,
        "precision_at_5": 0.06,
        "precision_at_10": 0.07333,
        "precision_at_20": 0.04833,
        "precision_at_100": 0.01,
        "precision_at_1000": 0.001,
        "mrr_at_1": 0.061111,
        "mrr_at_3": 0.1,
        "mrr_at_5": 0.128056,
        "mrr_at_10": 0.191649,
        "mrr_at_20": 0.208374,
        "mrr_at_100": 0.209115,
        "mrr_at_1000": 0.209115,
        "nauc_ndcg_at_1_max": -0.408791,
        "nauc_ndcg_at_1_std": -0.29137,
        "nauc_ndcg_at_1_diff1": -0.257462,
        "nauc_ndcg_at_3_max": -0.438611,
        "nauc_ndcg_at_3_std": -0.3162,
        "nauc_ndcg_at_3_diff1": -0.083878,
        "nauc_ndcg_at_5_max": -0.341018,
        "nauc_ndcg_at_5_std": -0.209725,
        "nauc_ndcg_at_5_diff1": -0.146478,
        "nauc_ndcg_at_10_max": -0.296946,
        "nauc_ndcg_at_10_std": -0.176602,
        "nauc_ndcg_at_10_diff1": -0.210388,
        "nauc_ndcg_at_20_max": -0.423088,
        "nauc_ndcg_at_20_std": -0.20778,
        "nauc_ndcg_at_20_diff1": -0.1567,
        "nauc_ndcg_at_100_max": -0.374946,
        "nauc_ndcg_at_100_std": -0.222861,
        "nauc_ndcg_at_100_diff1": -0.160203,
        "nauc_ndcg_at_1000_max": -0.374946,
        "nauc_ndcg_at_1000_std": -0.222861,
        "nauc_ndcg_at_1000_diff1": -0.160203,
        "nauc_map_at_1_max": -0.408791,
        "nauc_map_at_1_std": -0.29137,
        "nauc_map_at_1_diff1": -0.257462,
        "nauc_map_at_3_max": -0.431058,
        "nauc_map_at_3_std": -0.310719,
        "nauc_map_at_3_diff1": -0.128759,
        "nauc_map_at_5_max": -0.364737,
        "nauc_map_at_5_std": -0.238979,
        "nauc_map_at_5_diff1": -0.162064,
        "nauc_map_at_10_max": -0.342318,
        "nauc_map_at_10_std": -0.220811,
        "nauc_map_at_10_diff1": -0.185454,
        "nauc_map_at_20_max": -0.379204,
        "nauc_map_at_20_std": -0.233876,
        "nauc_map_at_20_diff1": -0.168628,
        "nauc_map_at_100_max": -0.37401,
        "nauc_map_at_100_std": -0.235953,
        "nauc_map_at_100_diff1": -0.168443,
        "nauc_map_at_1000_max": -0.37401,
        "nauc_map_at_1000_std": -0.235953,
        "nauc_map_at_1000_diff1": -0.168443,
        "nauc_recall_at_1_max": -0.408791,
        "nauc_recall_at_1_std": -0.29137,
        "nauc_recall_at_1_diff1": -0.257462,
        "nauc_recall_at_3_max": -0.456372,
        "nauc_recall_at_3_std": -0.328876,
        "nauc_recall_at_3_diff1": 0.021906,
        "nauc_recall_at_5_max": -0.295313,
        "nauc_recall_at_5_std": -0.152907,
        "nauc_recall_at_5_diff1": -0.122799,
        "nauc_recall_at_10_max": -0.170981,
        "nauc_recall_at_10_std": -0.056821,
        "nauc_recall_at_10_diff1": -0.313827,
        "nauc_recall_at_20_max": -1.641923,
        "nauc_recall_at_20_std": 0.146592,
        "nauc_recall_at_20_diff1": -0.016729,
        "nauc_recall_at_100_max": NaN,
        "nauc_recall_at_100_std": NaN,
        "nauc_recall_at_100_diff1": NaN,
        "nauc_recall_at_1000_max": NaN,
        "nauc_recall_at_1000_std": NaN,
        "nauc_recall_at_1000_diff1": NaN,
        "nauc_precision_at_1_max": -0.408791,
        "nauc_precision_at_1_std": -0.29137,
        "nauc_precision_at_1_diff1": -0.257462,
        "nauc_precision_at_3_max": -0.456372,
        "nauc_precision_at_3_std": -0.328876,
        "nauc_precision_at_3_diff1": 0.021906,
        "nauc_precision_at_5_max": -0.295313,
        "nauc_precision_at_5_std": -0.152907,
        "nauc_precision_at_5_diff1": -0.122799,
        "nauc_precision_at_10_max": -0.170981,
        "nauc_precision_at_10_std": -0.056821,
        "nauc_precision_at_10_diff1": -0.313827,
        "nauc_precision_at_20_max": -1.641923,
        "nauc_precision_at_20_std": 0.146592,
        "nauc_precision_at_20_diff1": -0.016729,
        "nauc_precision_at_100_max": 1.0,
        "nauc_precision_at_100_std": 1.0,
        "nauc_precision_at_100_diff1": 1.0,
        "nauc_precision_at_1000_max": 1.0,
        "nauc_precision_at_1000_std": 1.0,
        "nauc_precision_at_1000_diff1": 1.0,
        "nauc_mrr_at_1_max": -0.384833,
        "nauc_mrr_at_1_std": -0.274288,
        "nauc_mrr_at_1_diff1": -0.023441,
        "nauc_mrr_at_3_max": -0.402427,
        "nauc_mrr_at_3_std": -0.28479,
        "nauc_mrr_at_3_diff1": 0.145837,
        "nauc_mrr_at_5_max": -0.327844,
        "nauc_mrr_at_5_std": -0.193984,
        "nauc_mrr_at_5_diff1": 0.082762,
        "nauc_mrr_at_10_max": -0.319995,
        "nauc_mrr_at_10_std": -0.209878,
        "nauc_mrr_at_10_diff1": 0.092346,
        "nauc_mrr_at_20_max": -0.362588,
        "nauc_mrr_at_20_std": -0.210577,
        "nauc_mrr_at_20_diff1": 0.094499,
        "nauc_mrr_at_100_max": -0.356528,
        "nauc_mrr_at_100_std": -0.21288,
        "nauc_mrr_at_100_diff1": 0.09591,
        "nauc_mrr_at_1000_max": -0.356528,
        "nauc_mrr_at_1000_std": -0.21288,
        "nauc_mrr_at_1000_diff1": 0.09591,
        "main_score": 0.32138,
        "hf_subset": "default",
        "languages": [
          "python-Code"
        ]
      }
    ]
  },
  "evaluation_time": 5.601436614990234,
  "kg_co2_emissions": null
}