{
  "dataset_revision": "281562cb8a1265ab5c0824bfa6ddcd9b0a15618f",
  "task_name": "CodeTransOceanDL",
  "mteb_version": "1.24.0",
  "scores": {
    "test": [
      {
        "ndcg_at_1": 0.08333,
        "ndcg_at_3": 0.09795,
        "ndcg_at_5": 0.13287,
        "ndcg_at_10": 0.18152,
        "ndcg_at_20": 0.21914,
        "ndcg_at_100": 0.28576,
        "ndcg_at_1000": 0.30407,
        "map_at_1": 0.08333,
        "map_at_3": 0.09352,
        "map_at_5": 0.11324,
        "map_at_10": 0.13233,
        "map_at_20": 0.14325,
        "map_at_100": 0.15153,
        "map_at_1000": 0.15243,
        "recall_at_1": 0.08333,
        "recall_at_3": 0.11111,
        "recall_at_5": 0.19444,
        "recall_at_10": 0.35,
        "recall_at_20": 0.49444,
        "recall_at_100": 0.86667,
        "recall_at_1000": 1.0,
        "precision_at_1": 0.08333,
        "precision_at_3": 0.03704,
        "precision_at_5": 0.03889,
        "precision_at_10": 0.035,
        "precision_at_20": 0.02472,
        "precision_at_100": 0.00867,
        "precision_at_1000": 0.001,
        "mrr_at_1": 0.033333,
        "mrr_at_3": 0.066667,
        "mrr_at_5": 0.077778,
        "mrr_at_10": 0.102471,
        "mrr_at_20": 0.113458,
        "mrr_at_100": 0.12177,
        "mrr_at_1000": 0.122675,
        "nauc_ndcg_at_1_max": -0.397728,
        "nauc_ndcg_at_1_std": -0.340524,
        "nauc_ndcg_at_1_diff1": -0.328146,
        "nauc_ndcg_at_3_max": -0.398776,
        "nauc_ndcg_at_3_std": -0.346862,
        "nauc_ndcg_at_3_diff1": -0.193707,
        "nauc_ndcg_at_5_max": -0.408597,
        "nauc_ndcg_at_5_std": -0.381022,
        "nauc_ndcg_at_5_diff1": -0.064628,
        "nauc_ndcg_at_10_max": -0.402327,
        "nauc_ndcg_at_10_std": -0.472976,
        "nauc_ndcg_at_10_diff1": -0.044762,
        "nauc_ndcg_at_20_max": -0.417987,
        "nauc_ndcg_at_20_std": -0.542481,
        "nauc_ndcg_at_20_diff1": -0.086146,
        "nauc_ndcg_at_100_max": -0.394631,
        "nauc_ndcg_at_100_std": -0.457414,
        "nauc_ndcg_at_100_diff1": -0.092455,
        "nauc_ndcg_at_1000_max": -0.408904,
        "nauc_ndcg_at_1000_std": -0.465535,
        "nauc_ndcg_at_1000_diff1": -0.114768,
        "nauc_map_at_1_max": -0.397728,
        "nauc_map_at_1_std": -0.340524,
        "nauc_map_at_1_diff1": -0.328146,
        "nauc_map_at_3_max": -0.398942,
        "nauc_map_at_3_std": -0.344818,
        "nauc_map_at_3_diff1": -0.230092,
        "nauc_map_at_5_max": -0.405148,
        "nauc_map_at_5_std": -0.366914,
        "nauc_map_at_5_diff1": -0.140244,
        "nauc_map_at_10_max": -0.403751,
        "nauc_map_at_10_std": -0.410546,
        "nauc_map_at_10_diff1": -0.127255,
        "nauc_map_at_20_max": -0.408992,
        "nauc_map_at_20_std": -0.43581,
        "nauc_map_at_20_diff1": -0.141348,
        "nauc_map_at_100_max": -0.408422,
        "nauc_map_at_100_std": -0.427572,
        "nauc_map_at_100_diff1": -0.145847,
        "nauc_map_at_1000_max": -0.408622,
        "nauc_map_at_1000_std": -0.427255,
        "nauc_map_at_1000_diff1": -0.147161,
        "nauc_recall_at_1_max": -0.397728,
        "nauc_recall_at_1_std": -0.340524,
        "nauc_recall_at_1_diff1": -0.328146,
        "nauc_recall_at_3_max": -0.398223,
        "nauc_recall_at_3_std": -0.352166,
        "nauc_recall_at_3_diff1": -0.100944,
        "nauc_recall_at_5_max": -0.41574,
        "nauc_recall_at_5_std": -0.410135,
        "nauc_recall_at_5_diff1": 0.085898,
        "nauc_recall_at_10_max": -0.397009,
        "nauc_recall_at_10_std": -0.595879,
        "nauc_recall_at_10_diff1": 0.096476,
        "nauc_recall_at_20_max": -0.437116,
        "nauc_recall_at_20_std": -0.766625,
        "nauc_recall_at_20_diff1": -0.007395,
        "nauc_recall_at_100_max": -0.220238,
        "nauc_recall_at_100_std": -0.338481,
        "nauc_recall_at_100_diff1": 0.125282,
        "nauc_recall_at_1000_max": NaN,
        "nauc_recall_at_1000_std": NaN,
        "nauc_recall_at_1000_diff1": NaN,
        "nauc_precision_at_1_max": -0.397728,
        "nauc_precision_at_1_std": -0.340524,
        "nauc_precision_at_1_diff1": -0.328146,
        "nauc_precision_at_3_max": -0.398223,
        "nauc_precision_at_3_std": -0.352166,
        "nauc_precision_at_3_diff1": -0.100944,
        "nauc_precision_at_5_max": -0.41574,
        "nauc_precision_at_5_std": -0.410135,
        "nauc_precision_at_5_diff1": 0.085898,
        "nauc_precision_at_10_max": -0.397009,
        "nauc_precision_at_10_std": -0.595879,
        "nauc_precision_at_10_diff1": 0.096476,
        "nauc_precision_at_20_max": -0.437116,
        "nauc_precision_at_20_std": -0.766625,
        "nauc_precision_at_20_diff1": -0.007395,
        "nauc_precision_at_100_max": -0.220238,
        "nauc_precision_at_100_std": -0.338481,
        "nauc_precision_at_100_diff1": 0.125282,
        "nauc_precision_at_1000_max": 1.0,
        "nauc_precision_at_1000_std": 1.0,
        "nauc_precision_at_1000_diff1": 1.0,
        "nauc_mrr_at_1_max": -0.371478,
        "nauc_mrr_at_1_std": -0.382256,
        "nauc_mrr_at_1_diff1": -0.192648,
        "nauc_mrr_at_3_max": -0.385609,
        "nauc_mrr_at_3_std": -0.367946,
        "nauc_mrr_at_3_diff1": 0.158383,
        "nauc_mrr_at_5_max": -0.386003,
        "nauc_mrr_at_5_std": -0.386368,
        "nauc_mrr_at_5_diff1": 0.105538,
        "nauc_mrr_at_10_max": -0.403107,
        "nauc_mrr_at_10_std": -0.446633,
        "nauc_mrr_at_10_diff1": 0.120739,
        "nauc_mrr_at_20_max": -0.402119,
        "nauc_mrr_at_20_std": -0.479421,
        "nauc_mrr_at_20_diff1": 0.092441,
        "nauc_mrr_at_100_max": -0.40095,
        "nauc_mrr_at_100_std": -0.469315,
        "nauc_mrr_at_100_diff1": 0.094182,
        "nauc_mrr_at_1000_max": -0.401178,
        "nauc_mrr_at_1000_std": -0.469147,
        "nauc_mrr_at_1000_diff1": 0.093917,
        "main_score": 0.18152,
        "hf_subset": "default",
        "languages": [
          "python-Code"
        ]
      }
    ]
  },
  "evaluation_time": 1.5913755893707275,
  "kg_co2_emissions": null
}