{
  "dataset_revision": "bc5efb7e9d437246ce393ed19d772e08e4a79535",
  "task_name": "CosQA",
  "mteb_version": "1.24.0",
  "scores": {
    "test": [
      {
        "ndcg_at_1": 0.126,
        "ndcg_at_3": 0.19259,
        "ndcg_at_5": 0.24078,
        "ndcg_at_10": 0.28289,
        "ndcg_at_20": 0.31706,
        "ndcg_at_100": 0.3605,
        "ndcg_at_1000": 0.37632,
        "map_at_1": 0.126,
        "map_at_3": 0.175,
        "map_at_5": 0.2015,
        "map_at_10": 0.21931,
        "map_at_20": 0.22884,
        "map_at_100": 0.23502,
        "map_at_1000": 0.23566,
        "recall_at_1": 0.126,
        "recall_at_3": 0.244,
        "recall_at_5": 0.362,
        "recall_at_10": 0.49,
        "recall_at_20": 0.624,
        "recall_at_100": 0.856,
        "recall_at_1000": 0.978,
        "precision_at_1": 0.126,
        "precision_at_3": 0.08133,
        "precision_at_5": 0.0724,
        "precision_at_10": 0.049,
        "precision_at_20": 0.0312,
        "precision_at_100": 0.00856,
        "precision_at_1000": 0.00098,
        "mrr_at_1": 0.122,
        "mrr_at_3": 0.176333,
        "mrr_at_5": 0.194533,
        "mrr_at_10": 0.213205,
        "mrr_at_20": 0.223152,
        "mrr_at_100": 0.229331,
        "mrr_at_1000": 0.229955,
        "nauc_ndcg_at_1_max": 0.102948,
        "nauc_ndcg_at_1_std": -0.131709,
        "nauc_ndcg_at_1_diff1": 0.314251,
        "nauc_ndcg_at_3_max": 0.154776,
        "nauc_ndcg_at_3_std": -0.117827,
        "nauc_ndcg_at_3_diff1": 0.174257,
        "nauc_ndcg_at_5_max": 0.177434,
        "nauc_ndcg_at_5_std": -0.107058,
        "nauc_ndcg_at_5_diff1": 0.139551,
        "nauc_ndcg_at_10_max": 0.177991,
        "nauc_ndcg_at_10_std": -0.08629,
        "nauc_ndcg_at_10_diff1": 0.122664,
        "nauc_ndcg_at_20_max": 0.18454,
        "nauc_ndcg_at_20_std": -0.080871,
        "nauc_ndcg_at_20_diff1": 0.114802,
        "nauc_ndcg_at_100_max": 0.188607,
        "nauc_ndcg_at_100_std": -0.058566,
        "nauc_ndcg_at_100_diff1": 0.125599,
        "nauc_ndcg_at_1000_max": 0.181409,
        "nauc_ndcg_at_1000_std": -0.068948,
        "nauc_ndcg_at_1000_diff1": 0.139734,
        "nauc_map_at_1_max": 0.102948,
        "nauc_map_at_1_std": -0.131709,
        "nauc_map_at_1_diff1": 0.314251,
        "nauc_map_at_3_max": 0.144256,
        "nauc_map_at_3_std": -0.12173,
        "nauc_map_at_3_diff1": 0.204742,
        "nauc_map_at_5_max": 0.158424,
        "nauc_map_at_5_std": -0.115686,
        "nauc_map_at_5_diff1": 0.181958,
        "nauc_map_at_10_max": 0.157862,
        "nauc_map_at_10_std": -0.10564,
        "nauc_map_at_10_diff1": 0.172279,
        "nauc_map_at_20_max": 0.159872,
        "nauc_map_at_20_std": -0.104241,
        "nauc_map_at_20_diff1": 0.170317,
        "nauc_map_at_100_max": 0.161125,
        "nauc_map_at_100_std": -0.099394,
        "nauc_map_at_100_diff1": 0.171911,
        "nauc_map_at_1000_max": 0.160868,
        "nauc_map_at_1000_std": -0.099615,
        "nauc_map_at_1000_diff1": 0.17242,
        "nauc_recall_at_1_max": 0.102948,
        "nauc_recall_at_1_std": -0.131709,
        "nauc_recall_at_1_diff1": 0.314251,
        "nauc_recall_at_3_max": 0.179248,
        "nauc_recall_at_3_std": -0.1084,
        "nauc_recall_at_3_diff1": 0.102678,
        "nauc_recall_at_5_max": 0.220265,
        "nauc_recall_at_5_std": -0.086675,
        "nauc_recall_at_5_diff1": 0.045511,
        "nauc_recall_at_10_max": 0.225353,
        "nauc_recall_at_10_std": -0.037438,
        "nauc_recall_at_10_diff1": 0.0105,
        "nauc_recall_at_20_max": 0.254119,
        "nauc_recall_at_20_std": -0.010668,
        "nauc_recall_at_20_diff1": -0.034073,
        "nauc_recall_at_100_max": 0.345952,
        "nauc_recall_at_100_std": 0.224855,
        "nauc_recall_at_100_diff1": -0.090738,
        "nauc_recall_at_1000_max": 0.56485,
        "nauc_recall_at_1000_std": 0.72184,
        "nauc_recall_at_1000_diff1": -0.053136,
        "nauc_precision_at_1_max": 0.102948,
        "nauc_precision_at_1_std": -0.131709,
        "nauc_precision_at_1_diff1": 0.314251,
        "nauc_precision_at_3_max": 0.179248,
        "nauc_precision_at_3_std": -0.1084,
        "nauc_precision_at_3_diff1": 0.102678,
        "nauc_precision_at_5_max": 0.220265,
        "nauc_precision_at_5_std": -0.086675,
        "nauc_precision_at_5_diff1": 0.045511,
        "nauc_precision_at_10_max": 0.225353,
        "nauc_precision_at_10_std": -0.037438,
        "nauc_precision_at_10_diff1": 0.0105,
        "nauc_precision_at_20_max": 0.254119,
        "nauc_precision_at_20_std": -0.010668,
        "nauc_precision_at_20_diff1": -0.034073,
        "nauc_precision_at_100_max": 0.345952,
        "nauc_precision_at_100_std": 0.224855,
        "nauc_precision_at_100_diff1": -0.090738,
        "nauc_precision_at_1000_max": 0.56485,
        "nauc_precision_at_1000_std": 0.72184,
        "nauc_precision_at_1000_diff1": -0.053136,
        "nauc_mrr_at_1_max": 0.123113,
        "nauc_mrr_at_1_std": -0.167186,
        "nauc_mrr_at_1_diff1": 0.324301,
        "nauc_mrr_at_3_max": 0.118664,
        "nauc_mrr_at_3_std": -0.155625,
        "nauc_mrr_at_3_diff1": 0.201806,
        "nauc_mrr_at_5_max": 0.119561,
        "nauc_mrr_at_5_std": -0.151641,
        "nauc_mrr_at_5_diff1": 0.191071,
        "nauc_mrr_at_10_max": 0.128679,
        "nauc_mrr_at_10_std": -0.141707,
        "nauc_mrr_at_10_diff1": 0.176136,
        "nauc_mrr_at_20_max": 0.133821,
        "nauc_mrr_at_20_std": -0.137278,
        "nauc_mrr_at_20_diff1": 0.177126,
        "nauc_mrr_at_100_max": 0.135301,
        "nauc_mrr_at_100_std": -0.132926,
        "nauc_mrr_at_100_diff1": 0.178945,
        "nauc_mrr_at_1000_max": 0.134929,
        "nauc_mrr_at_1000_std": -0.133262,
        "nauc_mrr_at_1000_diff1": 0.17945,
        "main_score": 0.28289,
        "hf_subset": "default",
        "languages": [
          "eng-Latn",
          "python-Code"
        ]
      }
    ]
  },
  "evaluation_time": 5.710800647735596,
  "kg_co2_emissions": null
}