{
  "dataset_revision": "281562cb8a1265ab5c0824bfa6ddcd9b0a15618f",
  "task_name": "CodeTransOceanDL",
  "mteb_version": "1.24.0",
  "scores": {
    "test": [
      {
        "ndcg_at_1": 0.08889,
        "ndcg_at_3": 0.10701,
        "ndcg_at_5": 0.16082,
        "ndcg_at_10": 0.26888,
        "ndcg_at_20": 0.35608,
        "ndcg_at_100": 0.36459,
        "ndcg_at_1000": 0.36776,
        "map_at_1": 0.08889,
        "map_at_3": 0.10185,
        "map_at_5": 0.13241,
        "map_at_10": 0.17502,
        "map_at_20": 0.19978,
        "map_at_100": 0.20108,
        "map_at_1000": 0.20125,
        "recall_at_1": 0.08889,
        "recall_at_3": 0.12222,
        "recall_at_5": 0.25,
        "recall_at_10": 0.59444,
        "recall_at_20": 0.93333,
        "recall_at_100": 0.97778,
        "recall_at_1000": 1.0,
        "precision_at_1": 0.08889,
        "precision_at_3": 0.04074,
        "precision_at_5": 0.05,
        "precision_at_10": 0.05944,
        "precision_at_20": 0.04667,
        "precision_at_100": 0.00978,
        "precision_at_1000": 0.001,
        "mrr_at_1": 0.038889,
        "mrr_at_3": 0.089815,
        "mrr_at_5": 0.102593,
        "mrr_at_10": 0.152634,
        "mrr_at_20": 0.17711,
        "mrr_at_100": 0.178421,
        "mrr_at_1000": 0.178596,
        "nauc_ndcg_at_1_max": -0.408791,
        "nauc_ndcg_at_1_std": -0.227629,
        "nauc_ndcg_at_1_diff1": -0.23105,
        "nauc_ndcg_at_3_max": -0.431876,
        "nauc_ndcg_at_3_std": -0.269994,
        "nauc_ndcg_at_3_diff1": -0.154181,
        "nauc_ndcg_at_5_max": -0.372549,
        "nauc_ndcg_at_5_std": -0.244115,
        "nauc_ndcg_at_5_diff1": -0.057323,
        "nauc_ndcg_at_10_max": -0.363471,
        "nauc_ndcg_at_10_std": -0.228065,
        "nauc_ndcg_at_10_diff1": -0.053767,
        "nauc_ndcg_at_20_max": -0.358291,
        "nauc_ndcg_at_20_std": -0.207873,
        "nauc_ndcg_at_20_diff1": -0.096038,
        "nauc_ndcg_at_100_max": -0.365805,
        "nauc_ndcg_at_100_std": -0.201283,
        "nauc_ndcg_at_100_diff1": -0.089448,
        "nauc_ndcg_at_1000_max": -0.381158,
        "nauc_ndcg_at_1000_std": -0.222744,
        "nauc_ndcg_at_1000_diff1": -0.098704,
        "nauc_map_at_1_max": -0.408791,
        "nauc_map_at_1_std": -0.227629,
        "nauc_map_at_1_diff1": -0.23105,
        "nauc_map_at_3_max": -0.425592,
        "nauc_map_at_3_std": -0.258594,
        "nauc_map_at_3_diff1": -0.172362,
        "nauc_map_at_5_max": -0.385958,
        "nauc_map_at_5_std": -0.241339,
        "nauc_map_at_5_diff1": -0.104452,
        "nauc_map_at_10_max": -0.382389,
        "nauc_map_at_10_std": -0.234536,
        "nauc_map_at_10_diff1": -0.102748,
        "nauc_map_at_20_max": -0.388856,
        "nauc_map_at_20_std": -0.230955,
        "nauc_map_at_20_diff1": -0.116955,
        "nauc_map_at_100_max": -0.389696,
        "nauc_map_at_100_std": -0.230057,
        "nauc_map_at_100_diff1": -0.116359,
        "nauc_map_at_1000_max": -0.390354,
        "nauc_map_at_1000_std": -0.231075,
        "nauc_map_at_1000_diff1": -0.116855,
        "nauc_recall_at_1_max": -0.408791,
        "nauc_recall_at_1_std": -0.227629,
        "nauc_recall_at_1_diff1": -0.23105,
        "nauc_recall_at_3_max": -0.448047,
        "nauc_recall_at_3_std": -0.299296,
        "nauc_recall_at_3_diff1": -0.108169,
        "nauc_recall_at_5_max": -0.345699,
        "nauc_recall_at_5_std": -0.249544,
        "nauc_recall_at_5_diff1": 0.034269,
        "nauc_recall_at_10_max": -0.321497,
        "nauc_recall_at_10_std": -0.210142,
        "nauc_recall_at_10_diff1": 0.04358,
        "nauc_recall_at_20_max": 0.007547,
        "nauc_recall_at_20_std": 0.07174,
        "nauc_recall_at_20_diff1": -0.032252,
        "nauc_recall_at_100_max": 0.414332,
        "nauc_recall_at_100_std": 0.861111,
        "nauc_recall_at_100_diff1": 0.357143,
        "nauc_recall_at_1000_max": NaN,
        "nauc_recall_at_1000_std": NaN,
        "nauc_recall_at_1000_diff1": NaN,
        "nauc_precision_at_1_max": -0.408791,
        "nauc_precision_at_1_std": -0.227629,
        "nauc_precision_at_1_diff1": -0.23105,
        "nauc_precision_at_3_max": -0.448047,
        "nauc_precision_at_3_std": -0.299296,
        "nauc_precision_at_3_diff1": -0.108169,
        "nauc_precision_at_5_max": -0.345699,
        "nauc_precision_at_5_std": -0.249544,
        "nauc_precision_at_5_diff1": 0.034269,
        "nauc_precision_at_10_max": -0.321497,
        "nauc_precision_at_10_std": -0.210142,
        "nauc_precision_at_10_diff1": 0.04358,
        "nauc_precision_at_20_max": 0.007547,
        "nauc_precision_at_20_std": 0.07174,
        "nauc_precision_at_20_diff1": -0.032252,
        "nauc_precision_at_100_max": 0.414332,
        "nauc_precision_at_100_std": 0.861111,
        "nauc_precision_at_100_diff1": 0.357143,
        "nauc_precision_at_1000_max": 1.0,
        "nauc_precision_at_1000_std": 1.0,
        "nauc_precision_at_1000_diff1": 1.0,
        "nauc_mrr_at_1_max": -0.427345,
        "nauc_mrr_at_1_std": -0.359194,
        "nauc_mrr_at_1_diff1": -0.038369,
        "nauc_mrr_at_3_max": -0.354971,
        "nauc_mrr_at_3_std": -0.281283,
        "nauc_mrr_at_3_diff1": 0.225336,
        "nauc_mrr_at_5_max": -0.349895,
        "nauc_mrr_at_5_std": -0.269499,
        "nauc_mrr_at_5_diff1": 0.169652,
        "nauc_mrr_at_10_max": -0.367778,
        "nauc_mrr_at_10_std": -0.28069,
        "nauc_mrr_at_10_diff1": 0.188067,
        "nauc_mrr_at_20_max": -0.362726,
        "nauc_mrr_at_20_std": -0.263595,
        "nauc_mrr_at_20_diff1": 0.181655,
        "nauc_mrr_at_100_max": -0.36361,
        "nauc_mrr_at_100_std": -0.262809,
        "nauc_mrr_at_100_diff1": 0.185228,
        "nauc_mrr_at_1000_max": -0.364424,
        "nauc_mrr_at_1000_std": -0.264157,
        "nauc_mrr_at_1000_diff1": 0.184965,
        "main_score": 0.26888,
        "hf_subset": "default",
        "languages": [
          "python-Code"
        ]
      }
    ]
  },
  "evaluation_time": 1.7544965744018555,
  "kg_co2_emissions": null
}