{
  "dataset_revision": "d213819e87aab9010628da8b73ab4eb337c89340",
  "task_name": "CodeFeedbackST",
  "mteb_version": "1.24.0",
  "scores": {
    "test": [
      {
        "ndcg_at_1": 0.53335,
        "ndcg_at_3": 0.64784,
        "ndcg_at_5": 0.67418,
        "ndcg_at_10": 0.69425,
        "ndcg_at_20": 0.70513,
        "ndcg_at_100": 0.71709,
        "ndcg_at_1000": 0.72139,
        "map_at_1": 0.53335,
        "map_at_3": 0.62,
        "map_at_5": 0.63467,
        "map_at_10": 0.64306,
        "map_at_20": 0.64608,
        "map_at_100": 0.64776,
        "map_at_1000": 0.64793,
        "recall_at_1": 0.53335,
        "recall_at_3": 0.72826,
        "recall_at_5": 0.79199,
        "recall_at_10": 0.85354,
        "recall_at_20": 0.89628,
        "recall_at_100": 0.96039,
        "recall_at_1000": 0.99368,
        "precision_at_1": 0.53335,
        "precision_at_3": 0.24275,
        "precision_at_5": 0.1584,
        "precision_at_10": 0.08535,
        "precision_at_20": 0.04481,
        "precision_at_100": 0.0096,
        "precision_at_1000": 0.00099,
        "mrr_at_1": 0.533125,
        "mrr_at_3": 0.620217,
        "mrr_at_5": 0.634897,
        "mrr_at_10": 0.643214,
        "mrr_at_20": 0.646232,
        "mrr_at_100": 0.647915,
        "mrr_at_1000": 0.648086,
        "nauc_ndcg_at_1_max": 0.045411,
        "nauc_ndcg_at_1_std": -0.274357,
        "nauc_ndcg_at_1_diff1": 0.70331,
        "nauc_ndcg_at_3_max": 0.092939,
        "nauc_ndcg_at_3_std": -0.304201,
        "nauc_ndcg_at_3_diff1": 0.64906,
        "nauc_ndcg_at_5_max": 0.09725,
        "nauc_ndcg_at_5_std": -0.308448,
        "nauc_ndcg_at_5_diff1": 0.642796,
        "nauc_ndcg_at_10_max": 0.094302,
        "nauc_ndcg_at_10_std": -0.305425,
        "nauc_ndcg_at_10_diff1": 0.645211,
        "nauc_ndcg_at_20_max": 0.09019,
        "nauc_ndcg_at_20_std": -0.299868,
        "nauc_ndcg_at_20_diff1": 0.647995,
        "nauc_ndcg_at_100_max": 0.087801,
        "nauc_ndcg_at_100_std": -0.294587,
        "nauc_ndcg_at_100_diff1": 0.653485,
        "nauc_ndcg_at_1000_max": 0.085933,
        "nauc_ndcg_at_1000_std": -0.294623,
        "nauc_ndcg_at_1000_diff1": 0.655513,
        "nauc_map_at_1_max": 0.045411,
        "nauc_map_at_1_std": -0.274357,
        "nauc_map_at_1_diff1": 0.70331,
        "nauc_map_at_3_max": 0.079982,
        "nauc_map_at_3_std": -0.295826,
        "nauc_map_at_3_diff1": 0.662961,
        "nauc_map_at_5_max": 0.081756,
        "nauc_map_at_5_std": -0.297659,
        "nauc_map_at_5_diff1": 0.660248,
        "nauc_map_at_10_max": 0.080296,
        "nauc_map_at_10_std": -0.296458,
        "nauc_map_at_10_diff1": 0.66158,
        "nauc_map_at_20_max": 0.079191,
        "nauc_map_at_20_std": -0.295058,
        "nauc_map_at_20_diff1": 0.662403,
        "nauc_map_at_100_max": 0.078803,
        "nauc_map_at_100_std": -0.294426,
        "nauc_map_at_100_diff1": 0.663125,
        "nauc_map_at_1000_max": 0.078752,
        "nauc_map_at_1000_std": -0.294384,
        "nauc_map_at_1000_diff1": 0.663195,
        "nauc_recall_at_1_max": 0.045411,
        "nauc_recall_at_1_std": -0.274357,
        "nauc_recall_at_1_diff1": 0.70331,
        "nauc_recall_at_3_max": 0.13911,
        "nauc_recall_at_3_std": -0.334167,
        "nauc_recall_at_3_diff1": 0.599986,
        "nauc_recall_at_5_max": 0.16401,
        "nauc_recall_at_5_std": -0.355473,
        "nauc_recall_at_5_diff1": 0.56781,
        "nauc_recall_at_10_max": 0.172917,
        "nauc_recall_at_10_std": -0.354908,
        "nauc_recall_at_10_diff1": 0.552792,
        "nauc_recall_at_20_max": 0.164243,
        "nauc_recall_at_20_std": -0.322776,
        "nauc_recall_at_20_diff1": 0.544386,
        "nauc_recall_at_100_max": 0.215949,
        "nauc_recall_at_100_std": -0.199444,
        "nauc_recall_at_100_diff1": 0.543502,
        "nauc_recall_at_1000_max": 0.358557,
        "nauc_recall_at_1000_std": 0.18242,
        "nauc_recall_at_1000_diff1": 0.509697,
        "nauc_precision_at_1_max": 0.045411,
        "nauc_precision_at_1_std": -0.274357,
        "nauc_precision_at_1_diff1": 0.70331,
        "nauc_precision_at_3_max": 0.13911,
        "nauc_precision_at_3_std": -0.334167,
        "nauc_precision_at_3_diff1": 0.599986,
        "nauc_precision_at_5_max": 0.16401,
        "nauc_precision_at_5_std": -0.355473,
        "nauc_precision_at_5_diff1": 0.56781,
        "nauc_precision_at_10_max": 0.172917,
        "nauc_precision_at_10_std": -0.354908,
        "nauc_precision_at_10_diff1": 0.552792,
        "nauc_precision_at_20_max": 0.164243,
        "nauc_precision_at_20_std": -0.322776,
        "nauc_precision_at_20_diff1": 0.544386,
        "nauc_precision_at_100_max": 0.215949,
        "nauc_precision_at_100_std": -0.199444,
        "nauc_precision_at_100_diff1": 0.543502,
        "nauc_precision_at_1000_max": 0.358557,
        "nauc_precision_at_1000_std": 0.18242,
        "nauc_precision_at_1000_diff1": 0.509697,
        "nauc_mrr_at_1_max": 0.04045,
        "nauc_mrr_at_1_std": -0.273713,
        "nauc_mrr_at_1_diff1": 0.703681,
        "nauc_mrr_at_3_max": 0.077906,
        "nauc_mrr_at_3_std": -0.29489,
        "nauc_mrr_at_3_diff1": 0.662574,
        "nauc_mrr_at_5_max": 0.078859,
        "nauc_mrr_at_5_std": -0.297336,
        "nauc_mrr_at_5_diff1": 0.660274,
        "nauc_mrr_at_10_max": 0.077456,
        "nauc_mrr_at_10_std": -0.295912,
        "nauc_mrr_at_10_diff1": 0.661546,
        "nauc_mrr_at_20_max": 0.076305,
        "nauc_mrr_at_20_std": -0.294551,
        "nauc_mrr_at_20_diff1": 0.662342,
        "nauc_mrr_at_100_max": 0.075898,
        "nauc_mrr_at_100_std": -0.293924,
        "nauc_mrr_at_100_diff1": 0.663072,
        "nauc_mrr_at_1000_max": 0.075845,
        "nauc_mrr_at_1000_std": -0.293881,
        "nauc_mrr_at_1000_diff1": 0.663142,
        "main_score": 0.69425,
        "hf_subset": "default",
        "languages": [
          "eng-Latn"
        ]
      }
    ]
  },
  "evaluation_time": 377.1354880332947,
  "kg_co2_emissions": null
}