{
  "dataset_revision": "bc5efb7e9d437246ce393ed19d772e08e4a79535",
  "task_name": "CosQA",
  "mteb_version": "1.24.0",
  "scores": {
    "test": [
      {
        "ndcg_at_1": 0.154,
        "ndcg_at_3": 0.2359,
        "ndcg_at_5": 0.29779,
        "ndcg_at_10": 0.3545,
        "ndcg_at_20": 0.38309,
        "ndcg_at_100": 0.4198,
        "ndcg_at_1000": 0.42917,
        "map_at_1": 0.154,
        "map_at_3": 0.214,
        "map_at_5": 0.2484,
        "map_at_10": 0.27245,
        "map_at_20": 0.28043,
        "map_at_100": 0.28592,
        "map_at_1000": 0.2863,
        "recall_at_1": 0.154,
        "recall_at_3": 0.3,
        "recall_at_5": 0.45,
        "recall_at_10": 0.622,
        "recall_at_20": 0.734,
        "recall_at_100": 0.926,
        "recall_at_1000": 0.998,
        "precision_at_1": 0.154,
        "precision_at_3": 0.1,
        "precision_at_5": 0.09,
        "precision_at_10": 0.0622,
        "precision_at_20": 0.0367,
        "precision_at_100": 0.00926,
        "precision_at_1000": 0.001,
        "mrr_at_1": 0.136,
        "mrr_at_3": 0.196667,
        "mrr_at_5": 0.220867,
        "mrr_at_10": 0.250208,
        "mrr_at_20": 0.258896,
        "mrr_at_100": 0.264344,
        "mrr_at_1000": 0.264729,
        "nauc_ndcg_at_1_max": 0.079282,
        "nauc_ndcg_at_1_std": -0.140533,
        "nauc_ndcg_at_1_diff1": 0.366878,
        "nauc_ndcg_at_3_max": 0.119699,
        "nauc_ndcg_at_3_std": -0.137404,
        "nauc_ndcg_at_3_diff1": 0.222386,
        "nauc_ndcg_at_5_max": 0.134812,
        "nauc_ndcg_at_5_std": -0.132079,
        "nauc_ndcg_at_5_diff1": 0.158384,
        "nauc_ndcg_at_10_max": 0.120614,
        "nauc_ndcg_at_10_std": -0.151337,
        "nauc_ndcg_at_10_diff1": 0.188044,
        "nauc_ndcg_at_20_max": 0.14027,
        "nauc_ndcg_at_20_std": -0.131239,
        "nauc_ndcg_at_20_diff1": 0.185465,
        "nauc_ndcg_at_100_max": 0.154228,
        "nauc_ndcg_at_100_std": -0.097982,
        "nauc_ndcg_at_100_diff1": 0.206379,
        "nauc_ndcg_at_1000_max": 0.133878,
        "nauc_ndcg_at_1000_std": -0.123766,
        "nauc_ndcg_at_1000_diff1": 0.212979,
        "nauc_map_at_1_max": 0.079282,
        "nauc_map_at_1_std": -0.140533,
        "nauc_map_at_1_diff1": 0.366878,
        "nauc_map_at_3_max": 0.112376,
        "nauc_map_at_3_std": -0.138828,
        "nauc_map_at_3_diff1": 0.254638,
        "nauc_map_at_5_max": 0.120973,
        "nauc_map_at_5_std": -0.135814,
        "nauc_map_at_5_diff1": 0.216642,
        "nauc_map_at_10_max": 0.114818,
        "nauc_map_at_10_std": -0.143841,
        "nauc_map_at_10_diff1": 0.230484,
        "nauc_map_at_20_max": 0.119802,
        "nauc_map_at_20_std": -0.138687,
        "nauc_map_at_20_diff1": 0.230349,
        "nauc_map_at_100_max": 0.12112,
        "nauc_map_at_100_std": -0.134231,
        "nauc_map_at_100_diff1": 0.23385,
        "nauc_map_at_1000_max": 0.12034,
        "nauc_map_at_1000_std": -0.135156,
        "nauc_map_at_1000_diff1": 0.234084,
        "nauc_recall_at_1_max": 0.079282,
        "nauc_recall_at_1_std": -0.140533,
        "nauc_recall_at_1_diff1": 0.366878,
        "nauc_recall_at_3_max": 0.136773,
        "nauc_recall_at_3_std": -0.133763,
        "nauc_recall_at_3_diff1": 0.144918,
        "nauc_recall_at_5_max": 0.168852,
        "nauc_recall_at_5_std": -0.122375,
        "nauc_recall_at_5_diff1": 0.014449,
        "nauc_recall_at_10_max": 0.132345,
        "nauc_recall_at_10_std": -0.178241,
        "nauc_recall_at_10_diff1": 0.076404,
        "nauc_recall_at_20_max": 0.22708,
        "nauc_recall_at_20_std": -0.091116,
        "nauc_recall_at_20_diff1": 0.034109,
        "nauc_recall_at_100_max": 0.661165,
        "nauc_recall_at_100_std": 0.552477,
        "nauc_recall_at_100_diff1": 0.057612,
        "nauc_recall_at_1000_max": 1.0,
        "nauc_recall_at_1000_std": 0.869281,
        "nauc_recall_at_1000_diff1": 0.722222,
        "nauc_precision_at_1_max": 0.079282,
        "nauc_precision_at_1_std": -0.140533,
        "nauc_precision_at_1_diff1": 0.366878,
        "nauc_precision_at_3_max": 0.136773,
        "nauc_precision_at_3_std": -0.133763,
        "nauc_precision_at_3_diff1": 0.144918,
        "nauc_precision_at_5_max": 0.168852,
        "nauc_precision_at_5_std": -0.122375,
        "nauc_precision_at_5_diff1": 0.014449,
        "nauc_precision_at_10_max": 0.132345,
        "nauc_precision_at_10_std": -0.178241,
        "nauc_precision_at_10_diff1": 0.076404,
        "nauc_precision_at_20_max": 0.22708,
        "nauc_precision_at_20_std": -0.091116,
        "nauc_precision_at_20_diff1": 0.034109,
        "nauc_precision_at_100_max": 0.661165,
        "nauc_precision_at_100_std": 0.552477,
        "nauc_precision_at_100_diff1": 0.057612,
        "nauc_precision_at_1000_max": 1.0,
        "nauc_precision_at_1000_std": 0.869281,
        "nauc_precision_at_1000_diff1": 0.722222,
        "nauc_mrr_at_1_max": 0.132382,
        "nauc_mrr_at_1_std": -0.211942,
        "nauc_mrr_at_1_diff1": 0.471481,
        "nauc_mrr_at_3_max": 0.13371,
        "nauc_mrr_at_3_std": -0.180171,
        "nauc_mrr_at_3_diff1": 0.313232,
        "nauc_mrr_at_5_max": 0.126461,
        "nauc_mrr_at_5_std": -0.185601,
        "nauc_mrr_at_5_diff1": 0.288561,
        "nauc_mrr_at_10_max": 0.131101,
        "nauc_mrr_at_10_std": -0.18915,
        "nauc_mrr_at_10_diff1": 0.289512,
        "nauc_mrr_at_20_max": 0.130191,
        "nauc_mrr_at_20_std": -0.18501,
        "nauc_mrr_at_20_diff1": 0.291023,
        "nauc_mrr_at_100_max": 0.134757,
        "nauc_mrr_at_100_std": -0.179907,
        "nauc_mrr_at_100_diff1": 0.2955,
        "nauc_mrr_at_1000_max": 0.133963,
        "nauc_mrr_at_1000_std": -0.18094,
        "nauc_mrr_at_1000_diff1": 0.29583,
        "main_score": 0.3545,
        "hf_subset": "default",
        "languages": [
          "eng-Latn",
          "python-Code"
        ]
      }
    ]
  },
  "evaluation_time": 6.609498023986816,
  "kg_co2_emissions": null
}