{
  "dataset_revision": "686b87296c3a0191b5d9415a00526c62db9fce09",
  "task_name": "SyntheticText2SQL",
  "mteb_version": "1.24.0",
  "scores": {
    "test": [
      {
        "ndcg_at_1": 0.04222,
        "ndcg_at_3": 0.38329,
        "ndcg_at_5": 0.42076,
        "ndcg_at_10": 0.44775,
        "ndcg_at_20": 0.46529,
        "ndcg_at_100": 0.48554,
        "ndcg_at_1000": 0.49143,
        "map_at_1": 0.04222,
        "map_at_3": 0.30676,
        "map_at_5": 0.3276,
        "map_at_10": 0.33898,
        "map_at_20": 0.34386,
        "map_at_100": 0.34677,
        "map_at_1000": 0.34701,
        "recall_at_1": 0.04222,
        "recall_at_3": 0.60178,
        "recall_at_5": 0.69253,
        "recall_at_10": 0.77474,
        "recall_at_20": 0.84362,
        "recall_at_100": 0.95129,
        "recall_at_1000": 0.99675,
        "precision_at_1": 0.04222,
        "precision_at_3": 0.20059,
        "precision_at_5": 0.13851,
        "precision_at_10": 0.07747,
        "precision_at_20": 0.04218,
        "precision_at_100": 0.00951,
        "precision_at_1000": 0.001,
        "mrr_at_1": 0.273287,
        "mrr_at_3": 0.438956,
        "mrr_at_5": 0.45656,
        "mrr_at_10": 0.466697,
        "mrr_at_20": 0.471331,
        "mrr_at_100": 0.474153,
        "mrr_at_1000": 0.474391,
        "nauc_ndcg_at_1_max": 0.16045,
        "nauc_ndcg_at_1_std": -0.087715,
        "nauc_ndcg_at_1_diff1": 0.484886,
        "nauc_ndcg_at_3_max": 0.307715,
        "nauc_ndcg_at_3_std": -0.162537,
        "nauc_ndcg_at_3_diff1": -0.590158,
        "nauc_ndcg_at_5_max": 0.30354,
        "nauc_ndcg_at_5_std": -0.16576,
        "nauc_ndcg_at_5_diff1": -0.550555,
        "nauc_ndcg_at_10_max": 0.300579,
        "nauc_ndcg_at_10_std": -0.163765,
        "nauc_ndcg_at_10_diff1": -0.525829,
        "nauc_ndcg_at_20_max": 0.298131,
        "nauc_ndcg_at_20_std": -0.157493,
        "nauc_ndcg_at_20_diff1": -0.511605,
        "nauc_ndcg_at_100_max": 0.299313,
        "nauc_ndcg_at_100_std": -0.149786,
        "nauc_ndcg_at_100_diff1": -0.496997,
        "nauc_ndcg_at_1000_max": 0.297154,
        "nauc_ndcg_at_1000_std": -0.152567,
        "nauc_ndcg_at_1000_diff1": -0.496604,
        "nauc_map_at_1_max": 0.16045,
        "nauc_map_at_1_std": -0.087715,
        "nauc_map_at_1_diff1": 0.484886,
        "nauc_map_at_3_max": 0.296122,
        "nauc_map_at_3_std": -0.155095,
        "nauc_map_at_3_diff1": -0.520333,
        "nauc_map_at_5_max": 0.293076,
        "nauc_map_at_5_std": -0.157,
        "nauc_map_at_5_diff1": -0.491839,
        "nauc_map_at_10_max": 0.291468,
        "nauc_map_at_10_std": -0.155644,
        "nauc_map_at_10_diff1": -0.477791,
        "nauc_map_at_20_max": 0.290578,
        "nauc_map_at_20_std": -0.153635,
        "nauc_map_at_20_diff1": -0.472635,
        "nauc_map_at_100_max": 0.290523,
        "nauc_map_at_100_std": -0.152602,
        "nauc_map_at_100_diff1": -0.469875,
        "nauc_map_at_1000_max": 0.290483,
        "nauc_map_at_1000_std": -0.152626,
        "nauc_map_at_1000_diff1": -0.4698,
        "nauc_recall_at_1_max": 0.16045,
        "nauc_recall_at_1_std": -0.087715,
        "nauc_recall_at_1_diff1": 0.484886,
        "nauc_recall_at_3_max": 0.328552,
        "nauc_recall_at_3_std": -0.176374,
        "nauc_recall_at_3_diff1": -0.711273,
        "nauc_recall_at_5_max": 0.323783,
        "nauc_recall_at_5_std": -0.18411,
        "nauc_recall_at_5_diff1": -0.657517,
        "nauc_recall_at_10_max": 0.320418,
        "nauc_recall_at_10_std": -0.184057,
        "nauc_recall_at_10_diff1": -0.6202,
        "nauc_recall_at_20_max": 0.31664,
        "nauc_recall_at_20_std": -0.163528,
        "nauc_recall_at_20_diff1": -0.591186,
        "nauc_recall_at_100_max": 0.378725,
        "nauc_recall_at_100_std": -0.043914,
        "nauc_recall_at_100_diff1": -0.518363,
        "nauc_recall_at_1000_max": 0.595105,
        "nauc_recall_at_1000_std": 0.233375,
        "nauc_recall_at_1000_diff1": -0.739075,
        "nauc_precision_at_1_max": 0.16045,
        "nauc_precision_at_1_std": -0.087715,
        "nauc_precision_at_1_diff1": 0.484886,
        "nauc_precision_at_3_max": 0.328552,
        "nauc_precision_at_3_std": -0.176374,
        "nauc_precision_at_3_diff1": -0.711273,
        "nauc_precision_at_5_max": 0.323783,
        "nauc_precision_at_5_std": -0.18411,
        "nauc_precision_at_5_diff1": -0.657517,
        "nauc_precision_at_10_max": 0.320418,
        "nauc_precision_at_10_std": -0.184057,
        "nauc_precision_at_10_diff1": -0.6202,
        "nauc_precision_at_20_max": 0.31664,
        "nauc_precision_at_20_std": -0.163528,
        "nauc_precision_at_20_diff1": -0.591186,
        "nauc_precision_at_100_max": 0.378725,
        "nauc_precision_at_100_std": -0.043914,
        "nauc_precision_at_100_diff1": -0.518363,
        "nauc_precision_at_1000_max": 0.595105,
        "nauc_precision_at_1000_std": 0.233375,
        "nauc_precision_at_1000_diff1": -0.739075,
        "nauc_mrr_at_1_max": 0.151452,
        "nauc_mrr_at_1_std": -0.097604,
        "nauc_mrr_at_1_diff1": -0.392235,
        "nauc_mrr_at_3_max": 0.236826,
        "nauc_mrr_at_3_std": -0.133009,
        "nauc_mrr_at_3_diff1": -0.551781,
        "nauc_mrr_at_5_max": 0.233754,
        "nauc_mrr_at_5_std": -0.133063,
        "nauc_mrr_at_5_diff1": -0.537445,
        "nauc_mrr_at_10_max": 0.230703,
        "nauc_mrr_at_10_std": -0.131632,
        "nauc_mrr_at_10_diff1": -0.532374,
        "nauc_mrr_at_20_max": 0.229496,
        "nauc_mrr_at_20_std": -0.13031,
        "nauc_mrr_at_20_diff1": -0.53016,
        "nauc_mrr_at_100_max": 0.229044,
        "nauc_mrr_at_100_std": -0.129409,
        "nauc_mrr_at_100_diff1": -0.529092,
        "nauc_mrr_at_1000_max": 0.228971,
        "nauc_mrr_at_1000_std": -0.129404,
        "nauc_mrr_at_1000_diff1": -0.529095,
        "main_score": 0.44775,
        "hf_subset": "default",
        "languages": [
          "eng-Latn",
          "sql-Code"
        ]
      }
    ]
  },
  "evaluation_time": 41.91518187522888,
  "kg_co2_emissions": null
}